"","name","decade","HEPATITIS","MEASLES","MUMPS","PERTUSSIS","POLIO","RUBELLA","SMALLPOX","Longitude","Latitude"
"1","ALABAMA",1920,0,4.42495049504951,0,0,0.0446153846153846,0,0.26495145631068,-86.8277275175887,32.793701667284
"2","ALABAMA",1930,0,4.4190329218107,0,1.32029126213592,0.0679651162790698,0,0.0931984585741811,-86.8277275175887,32.793701667284
"3","ALABAMA",1940,0,3.420125,0,0.937797270955166,0.14625,0,0.0101609195402299,-86.8277275175887,32.793701667284
"4","ALABAMA",1950,0,3.74640081799591,0,0.695620689655172,0,0,0.03,-86.8277275175887,32.793701667284
"5","ALABAMA",1960,0.1895,1.98303983228512,0.281358024691358,0,0,0.198503937007874,0,-86.8277275175887,32.793701667284
"6","ALABAMA",1970,0.1775,0.212168367346939,0.282998027613412,0.07,0,0.0691949152542373,0,-86.8277275175887,32.793701667284
"7","ALABAMA",1980,0.0755389221556886,0.0112,0.0112378640776699,0.0229056603773585,0,0.00186666666666667,0,-86.8277275175887,32.793701667284
"8","ALABAMA",1990,0.046849710982659,0.00855670103092783,0.00561771561771562,0.019979035639413,0,0.0012,0,-86.8277275175887,32.793701667284
"9","ALABAMA",2000,0.012317880794702,0.032,0.00127659574468085,0.0266320166320166,0,0.00189189189189189,0,-86.8277275175887,32.793701667284
"10","ALABAMA",2010,0.00384615384615385,0,0,0.045,0,0,0,-86.8277275175887,32.793701667284
"11","ALASKA",1920,0,0,0,0,0,0,0,-152.697394645643,64.5532809121691
"12","ALASKA",1930,0,0,0,0,0,0,0,-152.697394645643,64.5532809121691
"13","ALASKA",1940,0,0,0,0,0,0,0,-152.697394645643,64.5532809121691
"14","ALASKA",1950,0,13.5011578947368,0,3.20511627906977,0,0,0,-152.697394645643,64.5532809121691
"15","ALASKA",1960,0.823865546218487,6.89195652173913,6.0510752688172,0,0,2.65333333333333,0,-152.697394645643,64.5532809121691
"16","ALASKA",1970,2.58149206349206,0.268943894389439,1.08219959266802,0.412173913043478,0,0.19440251572327,0,-152.697394645643,64.5532809121691
"17","ALASKA",1980,1.03776255707763,0.017843137254902,0.0571017699115044,0.0529004329004329,0,0.0231797235023041,0,-152.697394645643,64.5532809121691
"18","ALASKA",1990,0.495045317220544,0.125932203389831,0.024468085106383,0.0420198675496689,0,0.00760869565217391,0,-152.697394645643,64.5532809121691
"19","ALASKA",2000,0.0226246719160105,0.005,0.0184615384615385,0.182183098591549,0,0,0,-152.697394645643,64.5532809121691
"20","ALASKA",2010,0.0112903225806452,0,0,0.0966,0,0,0,-152.697394645643,64.5532809121691
"21","ARIZONA",1920,0,3.31987012987013,0,0,0.045,0,1.56631067961165,-111.664054350196,34.2937412398247
"22","ARIZONA",1930,0,7.43844943820225,0,5.55693069306931,0.164719535783366,0,0.458803088803089,-111.664054350196,34.2937412398247
"23","ARIZONA",1940,0,9.55342379958246,0,3.13706457925636,0.18262180974478,0,0.051533180778032,-111.664054350196,34.2937412398247
"24","ARIZONA",1950,0,14.3622874493927,0,3.3280412371134,0,0,0.166666666666667,-111.664054350196,34.2937412398247
"25","ARIZONA",1960,0.534060913705584,5.6802390438247,2.43070707070707,0,0,1.60125,0,-111.664054350196,34.2937412398247
"26","ARIZONA",1970,0.69551282051282,0.315623678646934,0.579220338983051,0.066,0,0.208307692307692,0,-111.664054350196,34.2937412398247
"27","ARIZONA",1980,0.774730077120823,0.116071428571429,0.07324,0.0908504398826979,0,0.0121337579617834,0,-111.664054350196,34.2937412398247
"28","ARIZONA",1990,0.677142857142857,0.0576129032258064,0.0311278195488722,0.0551082251082251,0,0.00493333333333333,0,-111.664054350196,34.2937412398247
"29","ARIZONA",2000,0.0851106194690266,0.00142857142857143,0.00162790697674419,0.126215053763441,0,0.000740740740740741,0,-111.664054350196,34.2937412398247
"30","ARIZONA",2010,0.01375,0,0,0.0686868686868687,0,0,0,-111.664054350196,34.2937412398247
"31","ARKANSAS",1920,0,5.77884210526316,0,0,0.00692307692307692,0,0.233980582524272,-92.4395090268957,34.8991626092658
"32","ARKANSAS",1930,0,3.2136,0,1.24728155339806,0.077422480620155,0,0.247803468208092,-92.4395090268957,34.8991626092658
"33","ARKANSAS",1940,0,4.54099378881988,0,1.05505859375,0.117883720930233,0,0.0376551724137931,-92.4395090268957,34.8991626092658
"34","ARKANSAS",1950,0,5.43565310492505,0,1.43571917808219,0,0,0.05,-92.4395090268957,34.8991626092658
"35","ARKANSAS",1960,0.291988304093567,1.42828571428571,0.188,0,0,0.571904761904762,0,-92.4395090268957,34.8991626092658
"36","ARKANSAS",1970,0.300298507462687,0.0854521963824289,0.256244897959184,0.0714130434782609,0,0.0898806682577566,0,-92.4395090268957,34.8991626092658
"37","ARKANSAS",1980,0.182394822006473,0.0875925925925926,0.0810284463894967,0.0237223974763407,0,0.00348122866894198,0,-92.4395090268957,34.8991626092658
"38","ARKANSAS",1990,0.219152046783626,0.0253012048192771,0.0306060606060606,0.0308205128205128,0,0.00375,0,-92.4395090268957,34.8991626092658
"39","ARKANSAS",2000,0.0292619047619048,0.00571428571428571,0.00283950617283951,0.10225,0,0,0,-92.4395090268957,34.8991626092658
"40","ARKANSAS",2010,0,0,0,0.0438202247191011,0,0,0,-92.4395090268957,34.8991626092658
"41","CALIFORNIA",1920,0,1.36557692307692,0,0,0.0755769230769231,0,0.53252427184466,-119.608055120765,37.2528105889546
"42","CALIFORNIA",1930,0,9.41147286821705,0,3.41252427184466,0.269206963249516,0,0.26009633911368,-119.608055120765,37.2528105889546
"43","CALIFORNIA",1940,0,9.28232510288066,0,2.19651750972763,0.305173210161663,0,0.00836781609195402,-119.608055120765,37.2528105889546
"44","CALIFORNIA",1950,0,7.0461,0,0.675757575757576,0,0,0,-119.608055120765,37.2528105889546
"45","CALIFORNIA",1960,0.835533980582524,1.99074363992172,1.25235294117647,0,0,0.581428571428571,0,-119.608055120765,37.2528105889546
"46","CALIFORNIA",1970,0.605833333333333,0.243405511811024,0.336966731898239,0.0172619047619048,0,0.271,0,-119.608055120765,37.2528105889546
"47","CALIFORNIA",1980,0.454015544041451,0.0502822580645161,0.0271400394477318,0.0143248945147679,0,0.0277888446215139,0,-119.608055120765,37.2528105889546
"48","CALIFORNIA",1990,0.344943502824859,0.0911805555555556,0.0126938775510204,0.0255179704016913,0,0.00614190687361419,0,-119.608055120765,37.2528105889546
"49","CALIFORNIA",2000,0.057071129707113,0.00126126126126126,0.00277027027027027,0.039975,0,0.000645161290322581,0,-119.608055120765,37.2528105889546
"50","CALIFORNIA",2010,0.0105102040816327,0,0,0.0662886597938144,0,0,0,-119.608055120765,37.2528105889546
"51","COLORADO",1920,0,2.84060606060606,0,0,0.0825742574257426,0,1.1735,-105.547804558941,38.9990478153267
"52","COLORADO",1930,0,11.3338613861386,0,3.1904854368932,0.107277992277992,0,0.431849710982659,-105.547804558941,38.9990478153267
"53","COLORADO",1940,0,11.2499380165289,0,3.02611881188119,0.28606976744186,0,0.0746910755148741,-105.547804558941,38.9990478153267
"54","COLORADO",1950,0,9.95777096114519,0,0.950214285714286,0,0,0.08,-105.547804558941,38.9990478153267
"55","COLORADO",1960,0.50728813559322,4.03774703557312,1.79354166666667,0,0,1.15859296482412,0,-105.547804558941,38.9990478153267
"56","COLORADO",1970,0.432811158798283,0.331081632653061,0.530492125984252,0.0645,0,0.262576687116564,0,-105.547804558941,38.9990478153267
"57","COLORADO",1980,0.283317422434368,0.0300709219858156,0.024672131147541,0.0527717391304348,0,0.00661290322580645,0,-105.547804558941,38.9990478153267
"58","COLORADO",1990,0.279285714285714,0.027824427480916,0.0163507109004739,0.0796069868995633,0,0.00336,0,-105.547804558941,38.9990478153267
"59","COLORADO",2000,0.0289715536105033,0.00162162162162162,0.00168141592920354,0.213113402061856,0,0.000769230769230769,0,-105.547804558941,38.9990478153267
"60","COLORADO",2010,0.0102970297029703,0,0,0.205145631067961,0,0,0,-105.547804558941,38.9990478153267
"61","CONNECTICUT",1920,0,12.1336893203883,0,0,0.05625,0,0.12504854368932,-72.7275052925842,41.6224141911498
"62","CONNECTICUT",1930,0,10.14509765625,0,4.40679611650485,0.230444874274662,0,0.026042471042471,-72.7275052925842,41.6224141911498
"63","CONNECTICUT",1940,0,9.94265432098765,0,2.55421359223301,0.162546296296296,0,0,-72.7275052925842,41.6224141911498
"64","CONNECTICUT",1950,0,9.90353658536585,0,1.27895973154362,0,0,0,-72.7275052925842,41.6224141911498
"65","CONNECTICUT",1960,0.333883495145631,4.30130434782609,2.59633663366337,0,0,1.46069306930693,0,-72.7275052925842,41.6224141911498
"66","CONNECTICUT",1970,0.336053169734151,0.443522012578616,0.7544921875,0.0424074074074074,0,0.256693386773547,0,-72.7275052925842,41.6224141911498
"67","CONNECTICUT",1980,0.111906158357771,0.0282183908045977,0.0195047169811321,0.0154263565891473,0,0.00752631578947368,0,-72.7275052925842,41.6224141911498
"68","CONNECTICUT",1990,0.0649704142011834,0.0238111888111888,0.00540816326530612,0.0251179245283019,0,0.00690376569037657,0,-72.7275052925842,41.6224141911498
"69","CONNECTICUT",2000,0.0471739130434783,0,0.00136363636363636,0.025982905982906,0,0.00075,0,-72.7275052925842,41.6224141911498
"70","CONNECTICUT",2010,0.0120618556701031,0,0,0.0577941176470588,0,0,0,-72.7275052925842,41.6224141911498
"71","DELAWARE",1920,0,6.27645569620253,0,0,0.0537864077669903,0,0.0168316831683168,-75.50657647775,39.0095543670114
"72","DELAWARE",1930,0,11.1628140703518,0,5.0221359223301,0.0478100775193798,0,0.000773694390715667,-75.50657647775,39.0095543670114
"73","DELAWARE",1940,0,6.63788418708241,0,1.59223655913978,0.339600938967136,0,0,-75.50657647775,39.0095543670114
"74","DELAWARE",1950,0,4.16753588516746,0,1.05323529411765,0,0,0,-75.50657647775,39.0095543670114
"75","DELAWARE",1960,0.575294117647059,2.84069868995633,0.949882352941177,0,0,0.773304347826087,0,-75.50657647775,39.0095543670114
"76","DELAWARE",1970,0.427324414715719,0.21554565701559,0.544209486166008,0.34,0,0.116492374727669,0,-75.50657647775,39.0095543670114
"77","DELAWARE",1980,0.266628352490421,0.0661702127659574,0.0399352750809061,0.108009950248756,0,0.00761904761904762,0,-75.50657647775,39.0095543670114
"78","DELAWARE",1990,0.0870245398773006,0.0224774774774775,0.0264788732394366,0.0356643356643357,0,0.00777777777777778,0,-75.50657647775,39.0095543670114
"79","DELAWARE",2000,0.0207619047619048,0,0,0.0269487179487179,0,0.00590909090909091,0,-75.50657647775,39.0095543670114
"80","DELAWARE",2010,0.00916666666666667,0,0,0.0414285714285714,0,0,0,-75.50657647775,39.0095543670114
"81","DISTRICT.OF.COLUMBIA",1920,0,8.07474358974359,0,0,0.0879569892473118,0,0.0228260869565217,-77.015380379617,38.908639919026
"82","DISTRICT.OF.COLUMBIA",1930,0,7.87604210526316,0,3.09281553398058,0.0947582205029013,0,0.00233590733590734,-77.015380379617,38.908639919026
"83","DISTRICT.OF.COLUMBIA",1940,0,5.26225263157895,0,1.34137931034483,0.167308584686775,0,0,-77.015380379617,38.908639919026
"84","DISTRICT.OF.COLUMBIA",1950,0,3.90702702702703,0,0.466162790697674,0,0,0,-77.015380379617,38.908639919026
"85","DISTRICT.OF.COLUMBIA",1960,0.223813559322034,1.07898058252427,0.744385964912281,0,0,0.431864406779661,0,-77.015380379617,38.908639919026
"86","DISTRICT.OF.COLUMBIA",1970,0.322384341637011,0.162344213649852,0.241066945606695,0.15,0,0.0388253012048193,0,-77.015380379617,38.908639919026
"87","DISTRICT.OF.COLUMBIA",1980,0.187317073170732,0.0905109489051095,0.354769230769231,0.0209259259259259,0,0.005,0,-77.015380379617,38.908639919026
"88","DISTRICT.OF.COLUMBIA",1990,0.13528901734104,0.0493181818181818,0.0555288461538462,0.0319471947194719,0,0.00656050955414013,0,-77.015380379617,38.908639919026
"89","DISTRICT.OF.COLUMBIA",2000,0.115395894428152,0,0,0.0203582089552239,0,0,0,-77.015380379617,38.908639919026
"90","DISTRICT.OF.COLUMBIA",2010,0,0,0,0.0295402298850575,0,0,0,-77.015380379617,38.908639919026
"91","FLORIDA",1920,0,2.14771739130435,0,0,0.037378640776699,0,0.133762376237624,-82.4882747607466,28.6595173757703
"92","FLORIDA",1930,0,4.34502183406114,0,1.05128712871287,0.0307543520309478,0,0.0172393822393822,-82.4882747607466,28.6595173757703
"93","FLORIDA",1940,0,3.17652806652807,0,0.726153846153846,0.145023041474654,0,0.00131336405529954,-82.4882747607466,28.6595173757703
"94","FLORIDA",1950,0,2.60413361169102,0,0.365724137931034,0,0,0,-82.4882747607466,28.6595173757703
"95","FLORIDA",1960,0.289655172413793,1.27800399201597,0.59019801980198,0,0,0.484051282051282,0,-82.4882747607466,28.6595173757703
"96","FLORIDA",1970,0.510526315789474,0.206234817813765,0.339862204724409,0.0296774193548387,0,0.236492985971944,0,-82.4882747607466,28.6595173757703
"97","FLORIDA",1980,0.177398568019093,0.0423462414578588,0.0144930875576037,0.0132587064676617,0,0.00838565022421525,0,-82.4882747607466,28.6595173757703
"98","FLORIDA",1990,0.0935714285714286,0.0150769230769231,0.0162340425531915,0.0156167400881057,0,0.00191135734072022,0,-82.4882747607466,28.6595173757703
"99","FLORIDA",2000,0.050440251572327,0.000447761194029851,0.00227722772277228,0.0226923076923077,0,0.000779220779220779,0,-82.4882747607466,28.6595173757703
"100","FLORIDA",2010,0.0146078431372549,0,0,0.0347115384615385,0,0,0,-82.4882747607466,28.6595173757703
"101","GEORGIA",1920,0,2.10905263157895,0,0,0.0113725490196078,0,0.0241,-83.4605747984169,32.6563861163626
"102","GEORGIA",1930,0,5.19243670886076,0,1.09097087378641,0.0300193423597679,0,0.0146138996138996,-83.4605747984169,32.6563861163626
"103","GEORGIA",1940,0,2.96920997920998,0,0.595751503006012,0.112645011600928,0,0.00511520737327189,-83.4605747984169,32.6563861163626
"104","GEORGIA",1950,0,2.803539445629,0,0.452763636363636,0,0,0,-83.4605747984169,32.6563861163626
"105","GEORGIA",1960,0.36265306122449,0.142506203473945,0.304285714285714,0,0,0,0,-83.4605747984169,32.6563861163626
"106","GEORGIA",1970,0.359874213836478,0.126620689655172,0.0114044943820225,0.0619791666666667,0,0.0117933130699088,0,-83.4605747984169,32.6563861163626
"107","GEORGIA",1980,0.122280701754386,0.076600790513834,0.0142398286937901,0.0267541766109785,0,0.00637931034482759,0,-83.4605747984169,32.6563861163626
"108","GEORGIA",1990,0.0892447129909366,0.0249576271186441,0.0121522309711286,0.0100923787528868,0,0.0133333333333333,0,-83.4605747984169,32.6563861163626
"109","GEORGIA",2000,0.0689587852494577,0.000512820512820513,0.0011214953271028,0.0107021791767554,0,0.00142857142857143,0,-83.4605747984169,32.6563861163626
"110","GEORGIA",2010,0.00705882352941176,0,0,0.0184,0,0,0,-83.4605747984169,32.6563861163626
"111","HAWAII",1920,0,0,0,0,0,0,0,-155.518374996018,19.5980836509612
"112","HAWAII",1930,0,0,0,0,0,0,0,-155.518374996018,19.5980836509612
"113","HAWAII",1940,0,0,0,0,0,0,0,-155.518374996018,19.5980836509612
"114","HAWAII",1950,0,13.3259154929577,0,0.522647058823529,0,0,0,-155.518374996018,19.5980836509612
"115","HAWAII",1960,0.377295081967213,5.3466313559322,2.25410526315789,0,0,1.52620689655172,0,-155.518374996018,19.5980836509612
"116","HAWAII",1970,0.533209302325581,0.278195652173913,0.8014859437751,0.148888888888889,0,0.193850931677019,0,-155.518374996018,19.5980836509612
"117","HAWAII",1980,0.218355555555556,0.0737340153452685,0.0422413793103448,0.153554817275748,0,0.0496954314720812,0,-155.518374996018,19.5980836509612
"118","HAWAII",1990,0.154028985507246,0.044525993883792,0.0383842794759825,0.0804241071428571,0,0.02078125,0,-155.518374996018,19.5980836509612
"119","HAWAII",2000,0.0218378378378378,0.0098780487804878,0.0424347826086957,0.0793170731707317,0,0,0,-155.518374996018,19.5980836509612
"120","HAWAII",2010,0.011044776119403,0,0,0.116969696969697,0,0,0,-155.518374996018,19.5980836509612
"121","IDAHO",1920,0,2.36789473684211,0,0,0.0993203883495146,0,2.00990196078431,-114.659404388127,44.3895321321709
"122","IDAHO",1930,0,5.84783529411765,0,1.46254901960784,0.0964285714285714,0,0.767321772639692,-114.659404388127,44.3895321321709
"123","IDAHO",1940,0,6.62271221532091,0,1.33675510204082,0.270697674418605,0,0.0506849315068493,-114.659404388127,44.3895321321709
"124","IDAHO",1950,0,7.76063025210084,0,1.2035,0,0,0.255,-114.659404388127,44.3895321321709
"125","IDAHO",1960,0.479363057324841,5.3330081300813,1.09045454545455,0,0,0.643366336633663,0,-114.659404388127,44.3895321321709
"126","IDAHO",1970,0.561299303944316,0.729665970772443,0.383627049180328,0.189545454545455,0,0.176588486140725,0,-114.659404388127,44.3895321321709
"127","IDAHO",1980,0.414780058651026,0.0784210526315789,0.0267441860465116,0.195354838709677,0,0.025,0,-114.659404388127,44.3895321321709
"128","IDAHO",1990,0.339425287356322,0.369142857142857,0.0333062330623306,0.305010893246187,0,0.0282266009852217,0,-114.659404388127,44.3895321321709
"129","IDAHO",2000,0.0346341463414634,0.00347826086956522,0.00686567164179105,0.134425887265136,0,0,0,-114.659404388127,44.3895321321709
"130","IDAHO",2010,0.00884210526315789,0,0,0.186764705882353,0,0,0,-114.659404388127,44.3895321321709
"131","ILLINOIS",1920,0,5.81173076923077,0,0,0.0249038461538462,0,0.761456310679612,-89.1484635763952,40.124916201555
"132","ILLINOIS",1930,0,7.44418287937743,0,3.30019417475728,0.100038834951456,0,0.233127413127413,-89.1484635763952,40.124916201555
"133","ILLINOIS",1940,0,4.90522633744856,0,1.42591085271318,0.243087557603687,0,0.0152764976958525,-89.1484635763952,40.124916201555
"134","ILLINOIS",1950,0,4.48020080321285,0,0.367609427609428,0,0,0,-89.1484635763952,40.124916201555
"135","ILLINOIS",1960,0.281756097560976,1.91684931506849,0.743469387755102,0,0,0.426666666666667,0,-89.1484635763952,40.124916201555
"136","ILLINOIS",1970,0.26864,0.406181102362205,0.420371819960861,0.0356395348837209,0,0.153214285714286,0,-89.1484635763952,40.124916201555
"137","ILLINOIS",1980,0.0853494623655914,0.0821681415929204,0.122490039840637,0.0159733333333333,0,0.0118973214285714,0,-89.1484635763952,40.124916201555
"138","ILLINOIS",1990,0.150188679245283,0.0350367647058824,0.0130434782608696,0.0268148148148148,0,0.00126712328767123,0,-89.1484635763952,40.124916201555
"139","ILLINOIS",2000,0.0356043956043956,0.000694444444444444,0.00204724409448819,0.0622921914357683,0,0.000547945205479452,0,-89.1484635763952,40.124916201555
"140","ILLINOIS",2010,0.00965909090909091,0,0,0.141875,0,0,0,-89.1484635763952,40.124916201555
"141","INDIANA",1920,0,5.63240384615385,0,0,0.0136538461538462,0,2.07844660194175,-86.281886180862,39.9194212589787
"142","INDIANA",1930,0,5.12427165354331,0,0.948155339805825,0.0418058252427184,0,0.736119691119691,-86.281886180862,39.9194212589787
"143","INDIANA",1940,0,3.65051867219917,0,0.785242718446602,0.145694444444444,0,0.0604838709677419,-86.281886180862,39.9194212589787
"144","INDIANA",1950,0,4.61479591836735,0,0.591858108108108,0,0,0,-86.281886180862,39.9194212589787
"145","INDIANA",1960,0.20980198019802,2.55859683794466,1.3635,0,0,0.609137055837564,0,-86.281886180862,39.9194212589787
"146","INDIANA",1970,0.167219827586207,0.549238476953908,0.619644970414201,0.051304347826087,0,0.404192913385827,0,-86.281886180862,39.9194212589787
"147","INDIANA",1980,0.120055248618785,0.0396656534954407,0.059938900203666,0.043010752688172,0,0.040597609561753,0,-86.281886180862,39.9194212589787
"148","INDIANA",1990,0.129622093023256,0.0276271186440678,0.00475369458128079,0.0352202643171806,0,0.00121212121212121,0,-86.281886180862,39.9194212589787
"149","INDIANA",2000,0.0213317757009346,0.000892857142857143,0.001,0.0632964601769912,0,0.000689655172413793,0,-86.281886180862,39.9194212589787
"150","INDIANA",2010,0.0050561797752809,0,0,0.145368421052632,0,0,0,-86.281886180862,39.9194212589787
"151","IOWA",1920,0,1.594,0,0,0.0444444444444444,0,1.46979591836735,-93.5001804004309,42.0760786937439
"152","IOWA",1930,0,4.48898947368421,0,0.922718446601942,0.0900386847195358,0,0.938011583011583,-93.5001804004309,42.0760786937439
"153","IOWA",1940,0,4.00917695473251,0,0.75509842519685,0.303548387096774,0,0.0709447004608295,-93.5001804004309,42.0760786937439
"154","IOWA",1950,0,6.7834693877551,0,0.46612676056338,0,0,0.06,-93.5001804004309,42.0760786937439
"155","IOWA",1960,0.299460784313725,4.59279527559055,5.7986,0,0,1.48671717171717,0,-93.5001804004309,42.0760786937439
"156","IOWA",1970,0.165402298850575,0.678257261410788,1.7884842519685,0.0403448275862069,0,0.294969450101833,0,-93.5001804004309,42.0760786937439
"157","IOWA",1980,0.0950662251655629,0.0527102803738318,0.06716,0.0218895348837209,0,0.00292452830188679,0,-93.5001804004309,42.0760786937439
"158","IOWA",1990,0.139538904899135,0.0159848484848485,0.0104761904761905,0.0287614678899083,0,0.00935714285714286,0,-93.5001804004309,42.0760786937439
"159","IOWA",2000,0.0355555555555556,0.00193548387096774,0.00373333333333333,0.172461873638344,0,0.000882352941176471,0,-93.5001804004309,42.0760786937439
"160","IOWA",2010,0.00540816326530612,0,0,0.287916666666667,0,0,0,-93.5001804004309,42.0760786937439
"161","KANSAS",1920,0,6.65730769230769,0,0,0.0344230769230769,0,2.29601941747573,-98.3806596704232,38.4852434469717
"162","KANSAS",1930,0,8.21755424063116,0,3.36436893203883,0.152732558139535,0,0.817239382239382,-98.3806596704232,38.4852434469717
"163","KANSAS",1940,0,9.46876288659794,0,2.20654368932039,0.350254041570439,0,0.0287074829931973,-98.3806596704232,38.4852434469717
"164","KANSAS",1950,0,6.38754437869822,0,0.802746478873239,0,0,0.082,-98.3806596704232,38.4852434469717
"165","KANSAS",1960,0.258795811518325,0.0481666666666667,0.900487804878049,0,0,0.211025641025641,0,-98.3806596704232,38.4852434469717
"166","KANSAS",1970,0.365198329853862,0.578400852878465,0.692016293279022,0.0639130434782609,0,0.225063291139241,0,-98.3806596704232,38.4852434469717
"167","KANSAS",1980,0.207508305647841,0.056260162601626,0.0988176352705411,0.183040935672515,0,0.0300502512562814,0,-98.3806596704232,38.4852434469717
"168","KANSAS",1990,0.125150602409639,0.0524607329842932,0.025787037037037,0.0224074074074074,0,0.0179545454545455,0,-98.3806596704232,38.4852434469717
"169","KANSAS",2000,0.0396411483253589,0.00428571428571429,0.00737704918032787,0.115822510822511,0,0.000888888888888889,0,-98.3806596704232,38.4852434469717
"170","KANSAS",2010,0.00616279069767442,0,0,0.102631578947368,0,0,0,-98.3806596704232,38.4852434469717
"171","KENTUCKY",1920,0,4.3971186440678,0,0,0.0232692307692308,0,0.498921568627451,-85.2864151087506,37.5274778713774
"172","KENTUCKY",1930,0,4.89025171624714,0,1.64223300970874,0.0741130604288499,0,0.133468992248062,-85.2864151087506,37.5274778713774
"173","KENTUCKY",1940,0,4.39989247311828,0,1.4932421875,0.148624708624709,0,0.0136961451247166,-85.2864151087506,37.5274778713774
"174","KENTUCKY",1950,0,8.34193018480493,0,1.14993243243243,0,0,0.0475,-85.2864151087506,37.5274778713774
"175","KENTUCKY",1960,0.681747572815534,4.02260956175299,1.26910891089109,0,0,0.996968085106383,0,-85.2864151087506,37.5274778713774
"176","KENTUCKY",1970,0.513640552995392,0.479342629482072,0.832411764705882,0.0598198198198198,0,0.29478,0,-85.2864151087506,37.5274778713774
"177","KENTUCKY",1980,0.207063492063492,0.0178354978354978,0.0768852459016393,0.00965732087227414,0,0.0101574803149606,0,-85.2864151087506,37.5274778713774
"178","KENTUCKY",1990,0.0449554896142433,0.0774166666666667,0.00275,0.0288659793814433,0,0.002,0,-85.2864151087506,37.5274778713774
"179","KENTUCKY",2000,0.0179232505643341,0.00161290322580645,0.00157303370786517,0.033921568627451,0,0.000526315789473684,0,-85.2864151087506,37.5274778713774
"180","KENTUCKY",2010,0.00680412371134021,0,0,0.0601020408163265,0,0,0,-85.2864151087506,37.5274778713774
"181","LOUISIANA",1920,0,3.59917525773196,0,0,0.00951923076923077,0,0.389126213592233,-92.0250441175501,31.0920656069309
"182","LOUISIANA",1930,0,1.73964210526316,0,0.965392156862745,0.0698455598455598,0,0.116281310211946,-92.0250441175501,31.0920656069309
"183","LOUISIANA",1940,0,1.59581545064378,0,0.298350951374207,0.097,0,0.00666666666666667,-92.0250441175501,31.0920656069309
"184","LOUISIANA",1950,0,1.25474327628362,0,0.139880952380952,0,0,0,-92.0250441175501,31.0920656069309
"185","LOUISIANA",1960,0.334207920792079,0.0984050632911392,0.0758333333333333,0,0,0.076,0,-92.0250441175501,31.0920656069309
"186","LOUISIANA",1970,0.296538461538462,0.208514412416851,0.0839166666666667,0.0465671641791045,0,0.0998908296943231,0,-92.0250441175501,31.0920656069309
"187","LOUISIANA",1980,0.20869918699187,0.0222421524663677,0.125234159779614,0.015030303030303,0,0.00476923076923077,0,-92.0250441175501,31.0920656069309
"188","LOUISIANA",1990,0.0856456456456456,0.004,0.0159080459770115,0.0084788029925187,0,0.00447368421052632,0,-92.0250441175501,31.0920656069309
"189","LOUISIANA",2000,0.0219148936170213,0,0.000560747663551402,0.0132581453634085,0,0,0,-92.0250441175501,31.0920656069309
"190","LOUISIANA",2010,0.0036144578313253,0,0,0.0114606741573034,0,0,0,-92.0250441175501,31.0920656069309
"191","MAINE",1920,0,10.8847572815534,0,0,0.0753398058252427,0,0.208137254901961,-69.2348021094788,45.394325658291
"192","MAINE",1930,0,9.36334728033473,0,5.8168932038835,0.18779497098646,0,0.000463320463320463,-69.2348021094788,45.394325658291
"193","MAINE",1940,0,11.3184583333333,0,3.00163742690058,0.0980235294117647,0,0,-69.2348021094788,45.394325658291
"194","MAINE",1950,0,8.48659137577002,0,1.86045774647887,0,0,0,-69.2348021094788,45.394325658291
"195","MAINE",1960,0.420666666666667,4.37386,2.08244897959184,0,0,0.979794871794872,0,-69.2348021094788,45.394325658291
"196","MAINE",1970,0.536724637681159,0.705374732334047,0.76296,0.13,0,0.274864300626305,0,-69.2348021094788,45.394325658291
"197","MAINE",1980,0.103208556149733,0.0414545454545455,0.136903225806452,0.0441947565543071,0,0.0790116279069767,0,-69.2348021094788,45.394325658291
"198","MAINE",1990,0.0392771084337349,0.0137313432835821,0.00449438202247191,0.0440287769784173,0,0.00341880341880342,0,-69.2348021094788,45.394325658291
"199","MAINE",2000,0.0170454545454545,0,0,0.0751225490196078,0,0,0,-69.2348021094788,45.394325658291
"200","MAINE",2010,0.0123595505617978,0,0,0.121382978723404,0,0,0,-69.2348021094788,45.394325658291
"201","MARYLAND",1920,0,11.6868269230769,0,0,0.187307692307692,0,0.0161764705882353,-76.9717965869134,39.1661827291834
"202","MARYLAND",1930,0,10.3123287671233,0,2.61543689320388,0.0572868217054264,0,0.000231660231660232,-76.9717965869134,39.1661827291834
"203","MARYLAND",1940,0,7.74952674897119,0,2.78352713178295,0.132436194895592,0,0.000115207373271889,-76.9717965869134,39.1661827291834
"204","MARYLAND",1950,0,3.92965794768612,0,0.651118644067797,0,0,0,-76.9717965869134,39.1661827291834
"205","MARYLAND",1960,0.401804878048781,1.16660678642715,0.433267326732673,0,0,0.284784946236559,0,-76.9717965869134,39.1661827291834
"206","MARYLAND",1970,0.289815195071869,0.181390134529148,0.229153543307087,0.02375,0,0.04,0,-76.9717965869134,39.1661827291834
"207","MARYLAND",1980,0.118225806451613,0.0231865284974093,0.0643737166324435,0.0449358974358974,0,0.00820588235294118,0,-76.9717965869134,39.1661827291834
"208","MARYLAND",1990,0.133153409090909,0.0294,0.0790709046454768,0.0387610619469027,0,0.00292682926829268,0,-76.9717965869134,39.1661827291834
"209","MARYLAND",2000,0.0518884120171674,0.00130434782608696,0.00321167883211679,0.0369214876033058,0,0.00142857142857143,0,-76.9717965869134,39.1661827291834
"210","MARYLAND",2010,0.00989690721649485,0,0,0.0284313725490196,0,0,0,-76.9717965869134,39.1661827291834
"211","MASSACHUSETTS",1920,0,12.9366990291262,0,0,0.111553398058252,0,0.0164705882352941,-71.9224909608915,42.3053843007402
"212","MASSACHUSETTS",1930,0,9.77943579766537,0,2.91485436893204,0.202097087378641,0,0.00222007722007722,-71.9224909608915,42.3053843007402
"213","MASSACHUSETTS",1940,0,10.6847119341564,0,2.93652427184466,0.123674418604651,0,0,-71.9224909608915,42.3053843007402
"214","MASSACHUSETTS",1950,0,8.33210843373494,0,1.10906040268456,0,0,0,-71.9224909608915,42.3053843007402
"215","MASSACHUSETTS",1960,0.390536585365854,3.86177165354331,2.23485148514852,0,0,0.745073891625616,0,-71.9224909608915,42.3053843007402
"216","MASSACHUSETTS",1970,0.281046277665996,0.315021929824561,0.322356435643564,0.0235714285714286,0,0.266666666666667,0,-71.9224909608915,42.3053843007402
"217","MASSACHUSETTS",1980,0.0747303921568628,0.0231034482758621,0.021017316017316,0.032116991643454,0,0.012316384180791,0,-71.9224909608915,42.3053843007402
"218","MASSACHUSETTS",1990,0.0766959064327485,0.00860158311345646,0.00212014134275618,0.104537634408602,0,0.00867595818815331,0,-71.9224909608915,42.3053843007402
"219","MASSACHUSETTS",2000,0.0802570093457944,0,0.000754716981132075,0.217641723356009,0,0.00256410256410256,0,-71.9224909608915,42.3053843007402
"220","MASSACHUSETTS",2010,0.00955223880597015,0,0,0.0280882352941176,0,0,0,-71.9224909608915,42.3053843007402
"221","MICHIGAN",1920,0,8.88471153846154,0,0,0.0513461538461538,0,0.757378640776699,-85.7357159980654,44.8792883460714
"222","MICHIGAN",1930,0,11.2878557504873,0,4.41077669902913,0.157267441860465,0,0.173783783783784,-85.7357159980654,44.8792883460714
"223","MICHIGAN",1940,0,9.4640618556701,0,2.86899029126214,0.208410138248848,0,0.013256880733945,-85.7357159980654,44.8792883460714
"224","MICHIGAN",1950,0,7.74781124497992,0,1.31788590604027,0,0,0,-85.7357159980654,44.8792883460714
"225","MICHIGAN",1960,0.536165048543689,4.95272549019608,2.1743137254902,0,0,0.632512315270936,0,-85.7357159980654,44.8792883460714
"226","MICHIGAN",1970,0.53422619047619,0.691490196078431,1.156640625,0.0258421052631579,0,0.4209375,0,-85.7357159980654,44.8792883460714
"227","MICHIGAN",1980,0.115657276995305,0.0344607843137255,0.102337917485265,0.0105357142857143,0,0.00761261261261261,0,-85.7357159980654,44.8792883460714
"228","MICHIGAN",1990,0.126760563380282,0.0143804034582133,0.0129894736842105,0.0133688699360341,0,0.00267326732673267,0,-85.7357159980654,44.8792883460714
"229","MICHIGAN",2000,0.0345454545454545,4e-04,0.00293103448275862,0.0333539094650206,0,0,0,-85.7357159980654,44.8792883460714
"230","MICHIGAN",2010,0.0119191919191919,0,0,0.0570873786407767,0,0,0,-85.7357159980654,44.8792883460714
"231","MINNESOTA",1920,0,5.54844660194175,0,0,0.0863461538461539,0,0.113203883495146,-94.1957550268318,46.3529876499963
"232","MINNESOTA",1930,0,7.43730844793713,0,1.47572815533981,0.196782945736434,0,0.239189189189189,-94.1957550268318,46.3529876499963
"233","MINNESOTA",1940,0,6.00370600414079,0,1.34606361829026,0.440969976905312,0,0.0399078341013825,-94.1957550268318,46.3529876499963
"234","MINNESOTA",1950,0,2.3678527607362,0,0.430600706713781,0,0,0,-94.1957550268318,46.3529876499963
"235","MINNESOTA",1960,0.250294117647059,0.770150214592275,0.472151898734177,0,0,0.118571428571429,0,-94.1957550268318,46.3529876499963
"236","MINNESOTA",1970,0.214730290456432,0.270459518599562,0.192889344262295,0.0433333333333333,0,0.0556756756756757,0,-94.1957550268318,46.3529876499963
"237","MINNESOTA",1980,0.0912396694214876,0.128177966101695,0.0839005235602094,0.031271676300578,0,0.00739776951672862,0,-94.1957550268318,46.3529876499963
"238","MINNESOTA",1990,0.128996960486322,0.0535323383084577,0.00576601671309192,0.104570024570025,0,0.0126315789473684,0,-94.1957550268318,46.3529876499963
"239","MINNESOTA",2000,0.0225235849056604,0.000705882352941177,0.00208955223880597,0.165473145780051,0,0.00222222222222222,0,-94.1957550268318,46.3529876499963
"240","MINNESOTA",2010,0.0058974358974359,0,0,0.283134328358209,0,0,0,-94.1957550268318,46.3529876499963
"241","MISSISSIPPI",1920,0,0,0,0,0.0218446601941748,0,0.0806862745098039,-89.6655350988815,32.7533283588882
"242","MISSISSIPPI",1930,0,0,0,0,0.0754280155642023,0,0.18965250965251,-89.6655350988815,32.7533283588882
"243","MISSISSIPPI",1940,0,1.23260273972603,0,0.257913669064748,0.103976744186047,0,0.0138914027149321,-89.6655350988815,32.7533283588882
"244","MISSISSIPPI",1950,0,1.87542016806723,0,0.306444444444444,0,0,0.05,-89.6655350988815,32.7533283588882
"245","MISSISSIPPI",1960,0.361608040201005,1.49912951167728,0.265294117647059,0,0,0.308,0,-89.6655350988815,32.7533283588882
"246","MISSISSIPPI",1970,0.256612244897959,0.258619957537155,0.164349593495935,0.0633870967741935,0,0.0745628997867804,0,-89.6655350988815,32.7533283588882
"247","MISSISSIPPI",1980,0.119373040752351,0.0310769230769231,0.0140189873417722,0.00984615384615385,0,0.00725663716814159,0,-89.6655350988815,32.7533283588882
"248","MISSISSIPPI",1990,0.0696141479099679,0.00860759493670886,0.0116935483870968,0.00695945945945946,0,0.02,0,-89.6655350988815,32.7533283588882
"249","MISSISSIPPI",2000,0.0196199524940618,0,0.00266666666666667,0.0325117370892019,0,0,0,-89.6655350988815,32.7533283588882
"250","MISSISSIPPI",2010,0.00362068965517241,0,0,0.0398863636363636,0,0,0,-89.6655350988815,32.7533283588882
"251","MISSOURI",1920,0,3.74598039215686,0,0,0.0118269230769231,0,0.706990291262136,-92.4777735531034,38.367493872215
"252","MISSOURI",1930,0,4.83186746987952,0,0.843980582524272,0.0511500974658869,0,0.35980694980695,-92.4777735531034,38.367493872215
"253","MISSOURI",1940,0,2.76724576271186,0,0.539453125,0.153810623556582,0,0.0300456621004566,-92.4777735531034,38.367493872215
"254","MISSOURI",1950,0,2.20707112970711,0,0.306379310344828,0,0,0.026,-92.4777735531034,38.367493872215
"255","MISSOURI",1960,0.390585365853659,0.676365546218487,0.316111111111111,0,0,0.14625,0,-92.4777735531034,38.367493872215
"256","MISSOURI",1970,0.242860082304527,0.233048016701461,0.259801192842942,0.0427659574468085,0,0.153963782696177,0,-92.4777735531034,38.367493872215
"257","MISSOURI",1980,0.123676092544987,0.0521172638436482,0.0160699588477366,0.0135838150289017,0,0.00796875,0,-92.4777735531034,38.367493872215
"258","MISSOURI",1990,0.359033232628399,0.00912844036697248,0.0116666666666667,0.0249086757990868,0,0.00134078212290503,0,-92.4777735531034,38.367493872215
"259","MISSOURI",2000,0.0277753779697624,0.000689655172413793,0.00241758241758242,0.0843032786885246,0,0.000689655172413793,0,-92.4777735531034,38.367493872215
"260","MISSOURI",2010,0.00626262626262626,0,0,0.0881730769230769,0,0,0,-92.4777735531034,38.367493872215
"261","MONTANA",1920,0,9.67292929292929,0,0,0.125339805825243,0,2.54333333333333,-109.645412288302,47.0342702201032
"262","MONTANA",1930,0,14.0137398373984,0,5.51245098039216,0.19472972972973,0,1.25714836223507,-109.645412288302,47.0342702201032
"263","MONTANA",1940,0,11.4215702479339,0,2.25927536231884,0.190447058823529,0,0.0336384439359268,-109.645412288302,47.0342702201032
"264","MONTANA",1950,0,13.2674526315789,0,1.35028112449799,0,0,0.17,-109.645412288302,47.0342702201032
"265","MONTANA",1960,0.567803468208092,7.87596673596674,1.978,0,0,0.775357142857143,0,-109.645412288302,47.0342702201032
"266","MONTANA",1970,0.649684684684685,0.9272,0.611265306122449,0.205483870967742,0,0.479010309278351,0,-109.645412288302,47.0342702201032
"267","MONTANA",1980,0.299825174825175,0.250862944162437,0.0360046189376443,0.0514334470989761,0,0.0284496124031008,0,-109.645412288302,47.0342702201032
"268","MONTANA",1990,0.197327586206897,0,0.00423529411764706,0.0475537634408602,0,0.0729545454545455,0,-109.645412288302,47.0342702201032
"269","MONTANA",2000,0.0199242424242424,0,0.00366666666666667,0.23780269058296,0,0,0,-109.645412288302,47.0342702201032
"270","MONTANA",2010,0.00588235294117647,0,0,0.242210526315789,0,0,0,-109.645412288302,47.0342702201032
"271","NEBRASKA",1920,0,3.85838383838384,0,0,0.0328155339805825,0,2.3121359223301,-99.8096865624674,41.5274700377721
"272","NEBRASKA",1930,0,5.08307535641548,0,0.786893203883495,0.111663442940039,0,0.913996138996139,-99.8096865624674,41.5274700377721
"273","NEBRASKA",1940,0,4.50884937238494,0,0.716923076923077,0.375184331797235,0,0.0297701149425287,-99.8096865624674,41.5274700377721
"274","NEBRASKA",1950,0,2.91841491841492,0,0.330985915492958,0,0,0.0975,-99.8096865624674,41.5274700377721
"275","NEBRASKA",1960,0.168473282442748,0.685230769230769,0.723809523809524,0,0,0.415316455696203,0,-99.8096865624674,41.5274700377721
"276","NEBRASKA",1970,0.188171091445428,0.262279069767442,0.19776,0.0677777777777778,0,0.148245614035088,0,-99.8096865624674,41.5274700377721
"277","NEBRASKA",1980,0.150396475770925,0.0817687074829932,0.00933333333333333,0.0169736842105263,0,0.00203389830508475,0,-99.8096865624674,41.5274700377721
"278","NEBRASKA",1990,0.183701492537313,0.06325,0.00733812949640288,0.0178066037735849,0,0.0773684210526316,0,-99.8096865624674,41.5274700377721
"279","NEBRASKA",2000,0.028093023255814,0,0.0038961038961039,0.0927570093457944,0,0,0,-99.8096865624674,41.5274700377721
"280","NEBRASKA",2010,0.0109302325581395,0,0,0.124803921568627,0,0,0,-99.8096865624674,41.5274700377721
"281","NEVADA",1920,0,0,0,0,0,0,0,-116.655512516982,39.3569945762567
"282","NEVADA",1930,0,0,0,0,1,0,0,-116.655512516982,39.3569945762567
"283","NEVADA",1940,0,6.28947692307692,0,1.86333333333333,0.0881102362204724,0,0.0262755102040816,-116.655512516982,39.3569945762567
"284","NEVADA",1950,0,6.7219298245614,0,1.29111111111111,0,0,0.584,-116.655512516982,39.3569945762567
"285","NEVADA",1960,0.754590163934426,2.6745297029703,4.35888888888889,0,0,0.716666666666667,0,-116.655512516982,39.3569945762567
"286","NEVADA",1970,0.685238095238095,0.162189054726368,0.148149171270718,0.13,0,0.0503636363636364,0,-116.655512516982,39.3569945762567
"287","NEVADA",1980,0.547690355329949,0.0264606741573034,0.036,0.00734939759036145,0,0.0120543806646526,0,-116.655512516982,39.3569945762567
"288","NEVADA",1990,0.372132564841499,0.0898630136986301,0.0229128440366972,0.0209090909090909,0,0.00551094890510949,0,-116.655512516982,39.3569945762567
"289","NEVADA",2000,0.0267599067599068,0.00593220338983051,0.0043859649122807,0.0283833718244804,0,0,0,-116.655512516982,39.3569945762567
"290","NEVADA",2010,0.0077906976744186,0,0,0.0248888888888889,0,0,0,-116.655512516982,39.3569945762567
"291","NEW.HAMPSHIRE",1920,0,6.63096774193548,0,0,0.0614432989690722,0,0.0264583333333333,-71.5782086418154,43.6879545999895
"292","NEW.HAMPSHIRE",1930,0,6.56551312649165,0,0.62,0.0892427184466019,0,0.00243713733075435,-71.5782086418154,43.6879545999895
"293","NEW.HAMPSHIRE",1940,0,3.41880184331797,0,1.05006912442396,0.161578947368421,0,0.000483870967741935,-71.5782086418154,43.6879545999895
"294","NEW.HAMPSHIRE",1950,0,6.48817663817664,0,1.11343137254902,0,0,0,-71.5782086418154,43.6879545999895
"295","NEW.HAMPSHIRE",1960,0.340769230769231,1.92323462414579,0.967662337662338,0,0,0.742087912087912,0,-71.5782086418154,43.6879545999895
"296","NEW.HAMPSHIRE",1970,0.459321608040201,0.619633620689655,0.469156626506024,0.216153846153846,0,0.291858037578288,0,-71.5782086418154,43.6879545999895
"297","NEW.HAMPSHIRE",1980,0.141957671957672,0.2,0.0660416666666667,0.108868501529052,0,0.0331976744186047,0,-71.5782086418154,43.6879545999895
"298","NEW.HAMPSHIRE",1990,0.0443154761904762,0.023202614379085,0.0111618257261411,0.195225806451613,0,0.00165137614678899,0,-71.5782086418154,43.6879545999895
"299","NEW.HAMPSHIRE",2000,0.0378636363636364,0.0104347826086957,0.00545454545454545,0.119405034324943,0,0.00340425531914894,0,-71.5782086418154,43.6879545999895
"300","NEW.HAMPSHIRE",2010,0.00363636363636364,0,0,0.102577319587629,0,0,0,-71.5782086418154,43.6879545999895
"301","NEW.JERSEY",1920,0,9.41346153846154,0,0,0.0377884615384615,0,0.0231372549019608,-74.6738403006693,40.2014735233851
"302","NEW.JERSEY",1930,0,10.7146198830409,0,5.72205882352941,0.129554263565891,0,0.000521235521235521,-74.6738403006693,40.2014735233851
"303","NEW.JERSEY",1940,0,12.6672633744856,0,3.00453307392996,0.192332563510393,0,0.000299539170506912,-74.6738403006693,40.2014735233851
"304","NEW.JERSEY",1950,0,11.0570707070707,0,1.07195286195286,0,0,0,-74.6738403006693,40.2014735233851
"305","NEW.JERSEY",1960,0.389024390243902,2.84875247524752,0.786274509803922,0,0,0.3225,0,-74.6738403006693,40.2014735233851
"306","NEW.JERSEY",1970,0.441514522821577,0.307535641547862,0.273058823529412,0.035,0,0.299960079840319,0,-74.6738403006693,40.2014735233851
"307","NEW.JERSEY",1980,0.150230179028133,0.0845789473684211,0.0259719438877756,0.00603030303030303,0,0.00607594936708861,0,-74.6738403006693,40.2014735233851
"308","NEW.JERSEY",1990,0.073167701863354,0.0601351351351351,0.00601374570446735,0.00626086956521739,0,0.00151515151515152,0,-74.6738403006693,40.2014735233851
"309","NEW.JERSEY",2000,0.0334140435835351,0.000277777777777778,5e-04,0.0319900497512438,0,0.000476190476190476,0,-74.6738403006693,40.2014735233851
"310","NEW.JERSEY",2010,0.00518072289156626,0,0,0.0410112359550562,0,0,0,-74.6738403006693,40.2014735233851
"311","NEW.MEXICO",1920,0,8.86654320987654,0,0,0.0629126213592233,0,0.36843137254902,-106.107856396905,34.4215357263299
"312","NEW.MEXICO",1930,0,8.04541052631579,0,5.52126213592233,0.190445736434109,0,0.198342967244701,-106.107856396905,34.4215357263299
"313","NEW.MEXICO",1940,0,6.43510460251046,0,2.61425357873211,0.180329411764706,0,0.0244724770642202,-106.107856396905,34.4215357263299
"314","NEW.MEXICO",1950,0,10.0687934560327,0,1.77609154929577,0,0,0.145,-106.107856396905,34.4215357263299
"315","NEW.MEXICO",1960,0.763266331658291,1.39761589403974,1.9356862745098,0,0,0.5355,0,-106.107856396905,34.4215357263299
"316","NEW.MEXICO",1970,0.833463917525773,0.262820512820513,0.70834693877551,0.159718309859155,0,0.198440170940171,0,-106.107856396905,34.4215357263299
"317","NEW.MEXICO",1980,0.551488250652742,0.0827443609022556,0,0.0393123209169054,0,0.00787878787878788,0,-106.107856396905,34.4215357263299
"318","NEW.MEXICO",1990,0.631538461538461,0.078,0,0.104600840336134,0,0.00577464788732394,0,-106.107856396905,34.4215357263299
"319","NEW.MEXICO",2000,0.0252173913043478,0,0.00130434782608696,0.118272138228942,0,0,0,-106.107856396905,34.4215357263299
"320","NEW.MEXICO",2010,0.0043956043956044,0,0,0.15752688172043,0,0,0,-106.107856396905,34.4215357263299
"321","NEW.YORK",1920,0,8.72873786407767,0,0,0.121456310679612,0,0.0393137254901961,-75.71738453273,43.053083203727
"322","NEW.YORK",1930,0,7.89439688715953,0,3.28368932038835,0.205,0,0.0164864864864865,-75.71738453273,43.053083203727
"323","NEW.YORK",1940,0,7.10131687242798,0,1.88604651162791,0.253387096774194,0,0.000253456221198157,-75.71738453273,43.053083203727
"324","NEW.YORK",1950,0,5.70604,0,0.591204013377926,0,0,0,-75.71738453273,43.053083203727
"325","NEW.YORK",1960,0.370738916256158,2.33173828125,0,0,0,0.305124378109453,0,-75.71738453273,43.053083203727
"326","NEW.YORK",1970,0.291697341513292,0.244071146245059,0.155377358490566,0.0237931034482759,0,0.127464788732394,0,-75.71738453273,43.053083203727
"327","NEW.YORK",1980,0.136341463414634,0.0653015075376884,0.0220229885057471,0.0207046979865772,0,0.0167123287671233,0,-75.71738453273,43.053083203727
"328","NEW.YORK",1990,0.121393188854489,0.062037037037037,0.00883268482490272,0.0434769230769231,0,0.00376811594202899,0,-75.71738453273,43.053083203727
"329","NEW.YORK",2000,0.0434868421052632,6e-04,0.00244444444444444,0.0951289398280802,0,0.000434782608695652,0,-75.71738453273,43.053083203727
"330","NEW.YORK",2010,0.156185567010309,0,0,0.110375,0,0,0,-75.71738453273,43.053083203727
"331","NORTH.CAROLINA",1920,0,19.6018947368421,0,0,0.0567326732673267,0,0.955346534653465,-79.4055226105737,35.5452104979344
"332","NORTH.CAROLINA",1930,0,11.3459251968504,0,7.10601941747573,0.0781941747572815,0,0.0512355212355212,-79.4055226105737,35.5452104979344
"333","NORTH.CAROLINA",1940,0,6.54068181818182,0,2.87315891472868,0.243764434180139,0,0.00302752293577982,-79.4055226105737,35.5452104979344
"334","NORTH.CAROLINA",1950,0,2.16700819672131,0,0.731404109589041,0,0,0,-79.4055226105737,35.5452104979344
"335","NORTH.CAROLINA",1960,0.171372549019608,0.545915492957746,0,0,0,0.045,0,-79.4055226105737,35.5452104979344
"336","NORTH.CAROLINA",1970,0.30104,0.141674311926606,0.0538709677419355,0.0348529411764706,0,0.0610359408033827,0,-79.4055226105737,35.5452104979344
"337","NORTH.CAROLINA",1980,0.0708461538461539,0.0245147679324895,0.0134907597535934,0.0237075718015666,0,0.00483870967741936,0,-79.4055226105737,35.5452104979344
"338","NORTH.CAROLINA",1990,0.0579320113314448,0.00957894736842105,0.0368397291196388,0.0321318681318681,0,0.0123696682464455,0,-79.4055226105737,35.5452104979344
"339","NORTH.CAROLINA",2000,0.027010752688172,0,0.0011864406779661,0.0329809725158562,0,0.0280555555555556,0,-79.4055226105737,35.5452104979344
"340","NORTH.CAROLINA",2010,0.00815217391304348,0,0,0.0252173913043478,0,0,0,-79.4055226105737,35.5452104979344
"341","NORTH.DAKOTA",1920,0,4.11375,0,0,0.221456310679612,0,0.644607843137255,-100.46969979651,47.4464606623961
"342","NORTH.DAKOTA",1930,0,8.10363839285714,0,3.44970873786408,0.0818955512572534,0,0.936447876447876,-100.46969979651,47.4464606623961
"343","NORTH.DAKOTA",1940,0,6.13726114649682,0,1.65744966442953,0.294627906976744,0,0.0551834862385321,-100.46969979651,47.4464606623961
"344","NORTH.DAKOTA",1950,0,9.51844262295082,0,1.10901477832512,0,0,0.16,-100.46969979651,47.4464606623961
"345","NORTH.DAKOTA",1960,0.309905660377359,7.79107355864811,3.56865853658537,0,0,0.79207100591716,0,-100.46969979651,47.4464606623961
"346","NORTH.DAKOTA",1970,0.439323308270677,0.589224318658281,0.65320564516129,0.305,0,0.263869565217391,0,-100.46969979651,47.4464606623961
"347","NORTH.DAKOTA",1980,0.0903125,0.051875,0.0112616822429907,0.0271138211382114,0,0.007,0,-100.46969979651,47.4464606623961
"348","NORTH.DAKOTA",1990,0.179487179487179,0.15,0.00944,0.0461127596439169,0,0,0,-100.46969979651,47.4464606623961
"349","NORTH.DAKOTA",2000,0.00738461538461538,0,0,0.444545454545455,0,0,0,-100.46969979651,47.4464606623961
"350","NORTH.DAKOTA",2010,0.115,0,0,0.227272727272727,0,0,0,-100.46969979651,47.4464606623961
"351","OHIO",1920,0,9.07980198019802,0,0,0.0705882352941176,0,0.6168,-82.6270918020653,40.4773923965225
"352","OHIO",1930,0,6.95592592592593,0,2.39281553398058,0.0884302325581395,0,0.26980694980695,-82.6270918020653,40.4773923965225
"353","OHIO",1940,0,6.49567901234568,0,2.15436893203883,0.185622119815668,0,0.0131422018348624,-82.6270918020653,40.4773923965225
"354","OHIO",1950,0,5.04931726907631,0,0.657609427609428,0,0,0.01,-82.6270918020653,40.4773923965225
"355","OHIO",1960,0.311456310679612,2.02056862745098,0.46747572815534,0,0,0.256212121212121,0,-82.6270918020653,40.4773923965225
"356","OHIO",1970,0.287245508982036,0.281590457256461,0.586484375,0.0345454545454545,0,0.1475,0,-82.6270918020653,40.4773923965225
"357","OHIO",1980,0.0972511848341232,0.0983333333333333,0.103033932135729,0.025,0,0.00154471544715447,0,-82.6270918020653,40.4773923965225
"358","OHIO",1990,0.11438202247191,0.0247280334728033,0.0129741379310345,0.0449585062240664,0,0.04,0,-82.6270918020653,40.4773923965225
"359","OHIO",2000,0.0235625,0.000377358490566038,0.00162790697674419,0.111189516129032,0,0,0,-82.6270918020653,40.4773923965225
"360","OHIO",2010,0.00807692307692308,0,0,0.215242718446602,0,0,0,-82.6270918020653,40.4773923965225
"361","OKLAHOMA",1920,0,3.11782178217822,0,0,0.0225961538461538,0,2.46495145631068,-97.5076316865078,35.5836665984335
"362","OKLAHOMA",1930,0,2.5372186836518,0,0.913627450980392,0.0819305019305019,0,0.56878612716763,-97.5076316865078,35.5836665984335
"363","OKLAHOMA",1940,0,2.81091295116773,0,0.622574850299401,0.177935034802784,0,0.0504794520547945,-97.5076316865078,35.5836665984335
"364","OKLAHOMA",1950,0,3.73025,0,0.611072664359862,0,0,0.11,-97.5076316865078,35.5836665984335
"365","OKLAHOMA",1960,0.257675675675676,0.668139013452915,0.579382716049383,0,0,1.32980769230769,0,-97.5076316865078,35.5836665984335
"366","OKLAHOMA",1970,0.429055441478439,0.173710691823899,0.438930957683742,0.0545454545454545,0,0.108553971486762,0,-97.5076316865078,35.5836665984335
"367","OKLAHOMA",1980,0.299116945107399,0.095112540192926,0.129326923076923,0.0950867052023121,0,0.00291304347826087,0,-97.5076316865078,35.5836665984335
"368","OKLAHOMA",1990,0.542919075144509,0.0704819277108434,0.0206666666666667,0.0328604651162791,0,0.00196261682242991,0,-97.5076316865078,35.5836665984335
"369","OKLAHOMA",2000,0.0277934272300469,0,0,0.0344240837696335,0,0,0,-97.5076316865078,35.5836665984335
"370","OKLAHOMA",2010,0.00259259259259259,0,0,0.0395604395604396,0,0,0,-97.5076316865078,35.5836665984335
"371","OREGON",1920,0,6.94572815533981,0,0,0.130192307692308,0,3.1647572815534,-120.553868373787,43.9379327296212
"372","OREGON",1930,0,6.70823643410853,0,2.06203883495146,0.0810617760617761,0,0.853564547206166,-120.553868373787,43.9379327296212
"373","OREGON",1940,0,9.18423553719008,0,1.50994163424125,0.226944444444444,0,0.0511494252873563,-120.553868373787,43.9379327296212
"374","OREGON",1950,0,7.97883299798793,0,0.886372881355932,0,0,0.07,-120.553868373787,43.9379327296212
"375","OREGON",1960,0.868585365853659,5.61970530451866,0.807843137254902,0,0,0.862068965517241,0,-120.553868373787,43.9379327296212
"376","OREGON",1970,0.814583333333333,0.271330275229358,0.83849609375,0.194434782608696,0,0.367051792828685,0,-120.553868373787,43.9379327296212
"377","OREGON",1980,0.830727699530516,0.0272759856630824,0.0661052631578947,0.0306918238993711,0,0.0163172804532578,0,-120.553868373787,43.9379327296212
"378","OREGON",1990,0.413210227272727,0.0221834061135371,0.00333333333333333,0.0361894273127753,0,0.00427350427350427,0,-120.553868373787,43.9379327296212
"379","OREGON",2000,0.037034632034632,0.00391304347826087,0,0.129327731092437,0,0,0,-120.553868373787,43.9379327296212
"380","OREGON",2010,0.00978494623655914,0,0,0.0897959183673469,0,0,0,-120.553868373787,43.9379327296212
"381","PENNSYLVANIA",1920,0,10.5246078431373,0,0,0.0407843137254902,0,0.0125742574257426,-77.7991561375688,40.8741062533125
"382","PENNSYLVANIA",1930,0,11.4814007782101,0,3.05803921568627,0.0692829457364341,0,0.00117760617760618,-77.7991561375688,40.8741062533125
"383","PENNSYLVANIA",1940,0,8.30464730290456,0,2.01590643274854,0.114780600461894,0,0.00200923787528868,-77.7991561375688,40.8741062533125
"384","PENNSYLVANIA",1950,0,5.30432712215321,0,0.678945578231293,0,0,0,-77.7991561375688,40.8741062533125
"385","PENNSYLVANIA",1960,0.298106796116505,1.39136904761905,0,0,0,0.082109375,0,-77.7991561375688,40.8741062533125
"386","PENNSYLVANIA",1970,0.257706855791962,0.217205588822355,0.202588235294118,0.0145679012345679,0,0.1026,0,-77.7991561375688,40.8741062533125
"387","PENNSYLVANIA",1980,0.154615384615385,0.0608333333333333,0.0246385542168675,0.0196725440806045,0,0.00724806201550388,0,-77.7991561375688,40.8741062533125
"388","PENNSYLVANIA",1990,0.0827011494252874,0.0568214285714286,0.0116052060737527,0.029695652173913,0,0.00237885462555066,0,-77.7991561375688,40.8741062533125
"389","PENNSYLVANIA",2000,0.0388487584650113,0.000714285714285714,0.00185840707964602,0.0595278969957082,0,0,0,-77.7991561375688,40.8741062533125
"390","PENNSYLVANIA",2010,0.00888888888888889,0,0,0.0764423076923077,0,0,0,-77.7991561375688,40.8741062533125
"391","RHODE.ISLAND",1920,0,11.0542857142857,0,0,0.0316504854368932,0,0,-71.5908103459582,41.6947511947887
"392","RHODE.ISLAND",1930,0,11.0649883449883,0,5.06336633663366,0.167079303675048,0,0,-71.5908103459582,41.6947511947887
"393","RHODE.ISLAND",1940,0,7.31829268292683,0,2.49327345309381,0.12987922705314,0,0,-71.5908103459582,41.6947511947887
"394","RHODE.ISLAND",1950,0,6.10376923076923,0,2.15105882352941,0,0,0,-71.5908103459582,41.6947511947887
"395","RHODE.ISLAND",1960,0.881382978723404,4.67646694214876,3.19020618556701,0,0,1.45877906976744,0,-71.5908103459582,41.6947511947887
"396","RHODE.ISLAND",1970,0.700263736263736,0.394646680942184,1.84172888015717,0.180769230769231,0,0.2045,0,-71.5908103459582,41.6947511947887
"397","RHODE.ISLAND",1980,0.203976833976834,0.0284810126582278,0.0387362637362637,0.0364761904761905,0,0.00964028776978417,0,-71.5908103459582,41.6947511947887
"398","RHODE.ISLAND",1990,0.124704142011834,0.0378172588832487,0.0113235294117647,0.0504878048780488,0,0.00633802816901408,0,-71.5908103459582,41.6947511947887
"399","RHODE.ISLAND",2000,0.0448668280871671,0,0.00238095238095238,0.0680494505494506,0,0.00588235294117647,0,-71.5908103459582,41.6947511947887
"400","RHODE.ISLAND",2010,0.00807228915662651,0,0,0.0405747126436782,0,0,0,-71.5908103459582,41.6947511947887
"401","SOUTH.CAROLINA",1920,0,16.9219117647059,0,0,0.095,0,0.223592233009709,-80.9060136830751,33.9424445990743
"402","SOUTH.CAROLINA",1930,0,4.43314977973568,0,3.26961165048544,0.0795330739299611,0,0.026003861003861,-80.9060136830751,33.9424445990743
"403","SOUTH.CAROLINA",1940,0,5.05734864300626,0,2.932109375,0.123163972286374,0,0.00534562211981567,-80.9060136830751,33.9424445990743
"404","SOUTH.CAROLINA",1950,0,3.87103671706264,0,0.327026022304833,0,0,0,-80.9060136830751,33.9424445990743
"405","SOUTH.CAROLINA",1960,0.154360465116279,1.20950819672131,0.347647058823529,0,0,0.300735294117647,0,-80.9060136830751,33.9424445990743
"406","SOUTH.CAROLINA",1970,0.220459290187891,0.186143497757848,0.198108651911469,0.0482352941176471,0,0.250924369747899,0,-80.9060136830751,33.9424445990743
"407","SOUTH.CAROLINA",1980,0.096843853820598,0.0908275862068966,0.0246315789473684,0.0112217194570136,0,0.00990430622009569,0,-80.9060136830751,33.9424445990743
"408","SOUTH.CAROLINA",1990,0.0258550724637681,0.00992592592592593,0.0341949152542373,0.0192235294117647,0,0.00607407407407407,0,-80.9060136830751,33.9424445990743
"409","SOUTH.CAROLINA",2000,0.0198401826484018,0,0.00323076923076923,0.0528691983122363,0,0.00584615384615385,0,-80.9060136830751,33.9424445990743
"410","SOUTH.CAROLINA",2010,0.00645833333333333,0,0,0.0551960784313726,0,0,0,-80.9060136830751,33.9424445990743
"411","SOUTH.DAKOTA",1920,0,3.56445652173913,0,0,0.0673529411764706,0,2.07663366336634,-100.230586256722,44.4356799981352
"412","SOUTH.DAKOTA",1930,0,9.62007352941176,0,1.52514563106796,0.108491295938104,0,1.14880308880309,-100.230586256722,44.4356799981352
"413","SOUTH.DAKOTA",1940,0,4.3111889596603,0,0.890871670702179,0.513963133640553,0,0.0965909090909091,-100.230586256722,44.4356799981352
"414","SOUTH.DAKOTA",1950,0,2.240675,0,0.555575757575758,0,0,0.15,-100.230586256722,44.4356799981352
"415","SOUTH.DAKOTA",1960,0.343012048192771,0.467401129943503,0,0,0,0.1875,0,-100.230586256722,44.4356799981352
"416","SOUTH.DAKOTA",1970,0.581939799331104,0.311143617021277,0.18791932059448,0.335714285714286,0,0.129529411764706,0,-100.230586256722,44.4356799981352
"417","SOUTH.DAKOTA",1980,0.561020408163265,0,0.060343347639485,0.0335251798561151,0,0.00671875,0,-100.230586256722,44.4356799981352
"418","SOUTH.DAKOTA",1990,0.617409638554217,0.0505797101449275,0.0147368421052632,0.0302650602409639,0,0,0,-100.230586256722,44.4356799981352
"419","SOUTH.DAKOTA",2000,0.0095,0,0,0.109602649006623,0,0,0,-100.230586256722,44.4356799981352
"420","SOUTH.DAKOTA",2010,0,0,0,0.0708510638297872,0,0,0,-100.230586256722,44.4356799981352
"421","TENNESSEE",1920,0,3.70712765957447,0,0,0.0472115384615385,0,0.342718446601942,-86.342431913164,35.8441944087889
"422","TENNESSEE",1930,0,3.77755511022044,0,1.47388349514563,0.0750290135396518,0,0.123583815028902,-86.342431913164,35.8441944087889
"423","TENNESSEE",1940,0,3.12688659793814,0,1.15184824902724,0.155935334872979,0,0.0181880733944954,-86.342431913164,35.8441944087889
"424","TENNESSEE",1950,0,6.440523138833,0,0.667128378378378,0,0,0.03,-86.342431913164,35.8441944087889
"425","TENNESSEE",1960,0.487572815533981,5.97066666666667,2.05504854368932,0,0,0.848039215686274,0,-86.342431913164,35.8441944087889
"426","TENNESSEE",1970,0.55493041749503,0.199381443298969,1.00663385826772,0.05,0,0.370708661417323,0,-86.342431913164,35.8441944087889
"427","TENNESSEE",1980,0.100508021390374,0.0388516746411483,0.0793890020366599,0.0163513513513514,0,0.00673267326732673,0,-86.342431913164,35.8441944087889
"428","TENNESSEE",1990,0.121845238095238,0.0174050632911392,0.0175074183976261,0.0296810933940774,0,0.0174125874125874,0,-86.342431913164,35.8441944087889
"429","TENNESSEE",2000,0.0331746031746032,0,0.000879120879120879,0.0331223628691983,0,0.000833333333333333,0,-86.342431913164,35.8441944087889
"430","TENNESSEE",2010,0.00655913978494624,0,0,0.0359223300970874,0,0,0,-86.342431913164,35.8441944087889
"431","TEXAS",1920,0,1.66960396039604,0,0,0.00990384615384615,0,0.718155339805825,-99.3614267930417,31.4964957786477
"432","TEXAS",1930,0,3.35486,0,2.37087378640777,0.0535533980582524,0,0.297702702702703,-99.3614267930417,31.4964957786477
"433","TEXAS",1940,0,8.02659793814433,0,3.03140077821012,0.16838337182448,0,0.0224036281179138,-99.3614267930417,31.4964957786477
"434","TEXAS",1950,0,12.1801829268293,0,2.28074324324324,0,0,0.01,-99.3614267930417,31.4964957786477
"435","TEXAS",1960,0.414433497536946,5.29206827309237,1.7688,0,0,0.447,0,-99.3614267930417,31.4964957786477
"436","TEXAS",1970,0.492765072765073,0.393584158415842,0.56759765625,0.0234615384615385,0,0.291712598425197,0,-99.3614267930417,31.4964957786477
"437","TEXAS",1980,0.307788461538462,0.0839601769911504,0.0343168316831683,0.0240483383685801,0,0.0117977528089888,0,-99.3614267930417,31.4964957786477
"438","TEXAS",1990,0.301975683890577,0.0960952380952381,0.0232450331125828,0.0144475920679887,0,0.00337539432176656,0,-99.3614267930417,31.4964957786477
"439","TEXAS",2000,0.0406206896551724,0,0.000982142857142857,0.0630523917995444,0,0.000133333333333333,0,-99.3614267930417,31.4964957786477
"440","TEXAS",2010,0.00656565656565657,0,0,0.0697029702970297,0,0,0,-99.3614267930417,31.4964957786477
"441","UTAH",1920,0,1.04548780487805,0,0,0.0249038461538462,0,1.1256862745098,-111.678364226823,39.3247942155243
"442","UTAH",1930,0,15.0028085106383,0,10.2525242718447,0.0855405405405405,0,0.100579150579151,-111.678364226823,39.3247942155243
"443","UTAH",1940,0,18.9518595041322,0,5.49405882352941,0.416566125290023,0,0.0126666666666667,-111.678364226823,39.3247942155243
"444","UTAH",1950,0,14.1203455284553,0,1.34648760330579,0,0,0,-111.678364226823,39.3247942155243
"445","UTAH",1960,0.450851063829787,4.63216161616162,1.03572916666667,0,0,0.302773722627737,0,-111.678364226823,39.3247942155243
"446","UTAH",1970,0.489513274336283,0.588438914027149,0.238097165991903,0.107619047619048,0,0.127389473684211,0,-111.678364226823,39.3247942155243
"447","UTAH",1980,0.307973684210526,0.0773529411764706,0.0200625,0.0425545171339564,0,0.0204481792717087,0,-111.678364226823,39.3247942155243
"448","UTAH",1990,0.547630057803468,0.177333333333333,0.0149318181818182,0.0600462962962963,0,0.00654761904761905,0,-111.678364226823,39.3247942155243
"449","UTAH",2000,0.0310633484162896,0.00317073170731707,0.00490566037735849,0.208085106382979,0,0.00235294117647059,0,-111.678364226823,39.3247942155243
"450","UTAH",2010,0.00773584905660377,0,0,0.203333333333333,0,0,0,-111.678364226823,39.3247942155243
"451","VERMONT",1920,0,4.94505617977528,0,0,0.120865384615385,0,0.403106796116505,-72.6638934854,44.0739834006789
"452","VERMONT",1930,0,19.3133628318584,0,14.9421359223301,0.170290135396518,0,0.267567567567568,-72.6638934854,44.0739834006789
"453","VERMONT",1940,0,19.6987261146497,0,6.78691235059761,0.225924170616114,0,0,-72.6638934854,44.0739834006789
"454","VERMONT",1950,0,16.2434533898305,0,4.4767680608365,0,0,0,-72.6638934854,44.0739834006789
"455","VERMONT",1960,0.619368421052632,6.72853191489362,5.94876288659794,0,0,1.24108108108108,0,-72.6638934854,44.0739834006789
"456","VERMONT",1970,0.942255434782609,0.487990867579909,0.765340659340659,0.62,0,0.440307692307692,0,-72.6638934854,44.0739834006789
"457","VERMONT",1980,0.241842105263158,0.180189393939394,0.0339949748743719,0.040797342192691,0,0.0117692307692308,0,-72.6638934854,44.0739834006789
"458","VERMONT",1990,0.0487457627118644,0.0936206896551724,0.0107758620689655,0.238285077951002,0,0.00485714285714286,0,-72.6638934854,44.0739834006789
"459","VERMONT",2000,0.0248780487804878,0.00444444444444444,0,0.264,0,0,0,-72.6638934854,44.0739834006789
"460","VERMONT",2010,0.0163265306122449,0,0,0.10247191011236,0,0,0,-72.6638934854,44.0739834006789
"461","VIRGINIA",1920,0,0,0,0,0.351,0,0.206153846153846,-78.8973542430455,37.514529587061
"462","VIRGINIA",1930,0,9.4198961038961,0,2.66640776699029,0.105296912114014,0,0.0096,-78.8973542430455,37.514529587061
"463","VIRGINIA",1940,0,7.75008230452675,0,1.95885658914729,0.176605080831409,0,0.00076036866359447,-78.8973542430455,37.514529587061
"464","VIRGINIA",1950,0,6.97366197183099,0,0.943209459459459,0,0,0,-78.8973542430455,37.514529587061
"465","VIRGINIA",1960,0.25,2.71845849802372,0.546274509803922,0,0,0.457582417582418,0,-78.8973542430455,37.514529587061
"466","VIRGINIA",1970,0.268993963782696,0.44969262295082,0.305254901960784,0.0290526315789474,0,0.14220618556701,0,-78.8973542430455,37.514529587061
"467","VIRGINIA",1980,0.0774535809018568,0.0325773195876289,0.0287934560327198,0.015792349726776,0,0.00829861111111111,0,-78.8973542430455,37.514529587061
"468","VIRGINIA",1990,0.0647604790419162,0.0072,0.012804347826087,0.0150346420323326,0,0.000654205607476636,0,-78.8973542430455,37.514529587061
"469","VIRGINIA",2000,0.0266216216216216,0.000909090909090909,0.00165413533834586,0.0430936819172113,0,0,0,-78.8973542430455,37.514529587061
"470","VIRGINIA",2010,0.00777777777777778,0,0,0.041010101010101,0,0,0,-78.8973542430455,37.514529587061
"471","WASHINGTON",1920,0,5.70596153846154,0,0,0.215673076923077,0,2.29116504854369,-120.422188667176,47.3764147669297
"472","WASHINGTON",1930,0,8.71549902152642,0,3.48647058823529,0.15453667953668,0,0.993429672447014,-120.422188667176,47.3764147669297
"473","WASHINGTON",1940,0,9.51581443298969,0,1.91986354775828,0.255057736720554,0,0.0196781609195402,-120.422188667176,47.3764147669297
"474","WASHINGTON",1950,0,9.89365853658537,0,0.855598591549296,0,0,0,-120.422188667176,47.3764147669297
"475","WASHINGTON",1960,0.607085427135678,5.80242063492063,3.44552083333333,0,0,1.59538860103627,0,-120.422188667176,47.3764147669297
"476","WASHINGTON",1970,0.500628803245436,0.355813008130081,1.45023622047244,0.054622641509434,0,0.546897233201581,0,-120.422188667176,47.3764147669297
"477","WASHINGTON",1980,0.469350961538462,0.0458663366336634,0.0345454545454545,0.0602147971360382,0,0.0245337620578778,0,-120.422188667176,47.3764147669297
"478","WASHINGTON",1990,0.298542274052478,0.0465402843601896,0.0148898678414097,0.119511677282378,0,0.00306122448979592,0,-120.422188667176,47.3764147669297
"479","WASHINGTON",2000,0.0312227074235808,0,0.00309859154929577,0.156181434599156,0,0,0,-120.422188667176,47.3764147669297
"480","WASHINGTON",2010,0.0059375,0,0,0.1978125,0,0,0,-120.422188667176,47.3764147669297
"481","WEST.VIRGINIA",1920,0,5.59339805825243,0,0,0.143269230769231,0,1.08466019417476,-80.6122565522215,38.6427638768645
"482","WEST.VIRGINIA",1930,0,6.05405940594059,0,2.38427184466019,0.0679303675048356,0,0.137852998065764,-80.6122565522215,38.6427638768645
"483","WEST.VIRGINIA",1940,0,5.09447033898305,0,1.57011741682975,0.150231481481481,0,0.00504608294930876,-80.6122565522215,38.6427638768645
"484","WEST.VIRGINIA",1950,0,7.42278455284553,0,1.7263475177305,0,0,0,-80.6122565522215,38.6427638768645
"485","WEST.VIRGINIA",1960,0.360696517412935,7.20027613412229,3.44582524271845,0,0,1.38331658291457,0,-80.6122565522215,38.6427638768645
"486","WEST.VIRGINIA",1970,0.320957446808511,0.353431952662722,1.7628125,0.12974358974359,0,0.462054794520548,0,-80.6122565522215,38.6427638768645
"487","WEST.VIRGINIA",1980,0.0950373134328358,0.0307692307692308,0.0695774647887324,0.0336065573770492,0,0.0208187134502924,0,-80.6122565522215,38.6427638768645
"488","WEST.VIRGINIA",1990,0.0244879518072289,0.036875,0.0307758620689655,0.0130458221024259,0,0.00285714285714286,0,-80.6122565522215,38.6427638768645
"489","WEST.VIRGINIA",2000,0.0218478260869565,0,0,0.0317884130982368,0,0,0,-80.6122565522215,38.6427638768645
"490","WEST.VIRGINIA",2010,0.00958333333333333,0,0,0.0853086419753086,0,0,0,-80.6122565522215,38.6427638768645
"491","WISCONSIN",1920,0,10.9725961538462,0,0,0.0219230769230769,0,0.5,-89.735910020904,44.6407854524192
"492","WISCONSIN",1930,0,16.6641439688716,0,7.40728155339806,0.113384912959381,0,0.291315280464217,-89.735910020904,44.6407854524192
"493","WISCONSIN",1940,0,18.7021399176955,0,4.19097087378641,0.248663594470046,0,0.0332036613272311,-89.735910020904,44.6407854524192
"494","WISCONSIN",1950,0,18.6998178137652,0,1.5741610738255,0,0,0.03,-89.735910020904,44.6407854524192
"495","WISCONSIN",1960,0.200926829268293,10.7586078431373,5.4958,0,0,1.6651256281407,0,-89.735910020904,44.6407854524192
"496","WISCONSIN",1970,0.169858012170385,0.889192913385827,2.54718199608611,0.0531292517006803,0,0.549783889980354,0,-89.735910020904,44.6407854524192
"497","WISCONSIN",1980,0.0853459119496855,0.192055335968379,0.0786157024793388,0.0397191011235955,0,0.0209383378016086,0,-89.735910020904,44.6407854524192
"498","WISCONSIN",1990,0.137754491017964,0.0656521739130435,0.0105855855855856,0.0450243902439024,0,0.000526315789473684,0,-89.735910020904,44.6407854524192
"499","WISCONSIN",2000,0.0202612826603325,0,0,0.258074245939675,0,0,0,-89.735910020904,44.6407854524192
"500","WISCONSIN",2010,0.00585858585858586,0,0,0.1159,0,0,0,-89.735910020904,44.6407854524192
"501","WYOMING",1920,0,6.91230769230769,0,0,0.0390384615384615,0,2.16417475728155,-107.550960904169,43.0002914423172
"502","WYOMING",1930,0,10.3236644591611,0,4.03281553398058,0.13825918762089,0,1.01304431599229,-107.550960904169,43.0002914423172
"503","WYOMING",1940,0,10.552085106383,0,2.17265446224256,0.267793427230047,0,0.0253917050691244,-107.550960904169,43.0002914423172
"504","WYOMING",1950,0,8.62182242990654,0,2.0560989010989,0,0,0.456666666666667,-107.550960904169,43.0002914423172
"505","WYOMING",1960,0.675555555555556,2.9721568627451,4.65148148148148,0,0,2.5885,0,-107.550960904169,43.0002914423172
"506","WYOMING",1970,0.506716417910448,0.230372670807453,1.01647727272727,0.404,0,1.12568702290076,0,-107.550960904169,43.0002914423172
"507","WYOMING",1980,0.355138121546961,0.0318421052631579,0.0196078431372549,0.0301234567901235,0,0.0278571428571429,0,-107.550960904169,43.0002914423172
"508","WYOMING",1990,0.24,0.020875,0.0164897959183673,0.0197037037037037,0,0.026875,0,-107.550960904169,43.0002914423172
"509","WYOMING",2000,0.0326153846153846,0,0.0153846153846154,0.154951690821256,0,0,0,-107.550960904169,43.0002914423172
"510","WYOMING",2010,0.0102816901408451,0,0,0.0277380952380952,0,0,0,-107.550960904169,43.0002914423172
